{
  "theme": "black",
  "navbar": {
    "logoUrl": "https://primotly.com/theme/primotly/assets/images/companies/beer-hawk.webp"
  },
  "header": {
    "title": "ESG With Ethical AI - Do you need help\nwith your CSRD report?"
  },
  "body": {
    "sections": {
      "middleSection": {
        "title": "Streamline Reporting, \nFocus on Growth",
        "middleSectionItems": [
          {
            "content": "Boost customer trust and loyalty through transparent and responsible AI practices",
            "value": 45,
            "resultType": "positive",
            "arrowDir": "up"
          },
          {
            "content": "Reduce legal and regulatory risks with our comprehensive compliance guidance",
            "value": 90,
            "resultType": "negative",
            "arrowDir": "down"
          },
          {
            "content": "Increase revenue by leveraging \nAI-driven insights and \noptimizations",
            "value": 30,
            "resultType": "positive",
            "arrowDir": "up"
          },
          {
            "content": "Reduce time and resources spent on data reporting (ESG, SRRI, ESEF)",
            "value": 60,
            "resultType": "negative",
            "arrowDir": "down"
          },
          {
            "content": "Improve employee satisfaction and retention by ensuring \nfair and unbiased AI \ndecision-making",
            "value": 25,
            "resultType": "positive",
            "arrowDir": "up"
          }
        ]
      },
      "bottomSection": {
        "title": "See how you can improve your operations",
        "bottomSectionItems": [
          {
            "content": "less data privacy and security breaches",
            "value": 83
          },
          {
            "content": "less biased and discriminatory decision-making",
            "value": 60
          },
          {
            "content": "less missed opportunities for growth and innovation",
            "value": 78
          }
        ]
      }
    }
  },
  "footer": {
    "socials": {
      "linkedIn": "https://www.linkedin.com/company/primotly/",
      "instagram": "https://www.instagram.com/primotly",
      "facebook": "https://www.facebook.com/primotly"
    },
    "content": "Primotly is a trading name of bPolNet Sp. z o.o., ul. Człuchowska 9/6, Warszawa, 01-360, Poland",
    "contactUsLink": "",
    "privacyPolicyLink": "",
    "termsLink": "",
    "vat": "PL5223071494",
    "regon": "365402632",
    "krs": "0000636383"
  }
}
